team_id,team_name,member_1_name,member_1_email,member_1_github,member_1_resume,member_1_linkedin,member_1_portfolio,member_2_name,member_2_email,member_2_github,member_2_resume,member_2_linkedin,member_2_portfolio,member_3_name,member_3_email,member_3_github,member_3_resume,member_3_linkedin,member_3_portfolio,member_4_name,member_4_email,member_4_github,member_4_resume,member_4_linkedin,member_4_portfolio,member_5_name,member_5_email,member_5_github,member_5_resume,member_5_linkedin,member_5_portfolio,member_6_name,member_6_email,member_6_github,member_6_resume,member_6_linkedin,member_6_portfolio
T001,Byte Bandits,Aarav Desai,aarav.desai0@example.com,https://github.com/aaravdesai0,https://drive.example.com/resumes/aaravdesai0.pdf,https://www.linkedin.com/in/aaravdesai0,https://aaravdesai0.example.dev,,,,,,,,,,,,,,,,,,,,,,,,,,,,,,
T002,Code Crusaders,Diya Bhatt,diya.bhatt1@example.com,,https://drive.example.com/resumes/diyabhatt1.pdf,https://www.linkedin.com/in/diyabhatt1,https://diyabhatt1.example.dev,,,,,,,,,,,,,,,,,,,,,,,,,,,,,,
T003,Null Pointers,Vihaan Mehta,vihaan.mehta2@example.com,https://github.com/vihaanmehta2/project-2,,https://www.linkedin.com/in/vihaanmehta2,https://vihaanmehta2.example.dev,,,,,,,,,,,,,,,,,,,,,,,,,,,,,,
T004,Stack Overflowers,Ananya Vyas,ananya.vyas3@example.com,,,https://www.linkedin.com/in/ananyavyas3,,,,,,,,,,,,,,,,,,,,,,,,,,,,,,,
T005,Git Gud,Aditya Shah,aditya.shah4@example.com,https://github.com/,https://drive.example.com/resumes/adityashah4.pdf,https://www.linkedin.com/in/adityashah4,https://adityashah4.example.dev,,,,,,,,,,,,,,,,,,,,,,,,,,,,,,
T006,Pixel Pioneers,Isha Modi,isha.modi5@example.com,https://github.com/ishamodi5/project-5,htp://drive.example.com/cv,https://www.linkedin.com/in/ishamodi5,https://ishamodi5.example.dev,,,,,,,,,,,,,,,,,,,,,,,,,,,,,,
T007,Binary Beasts,Rohan Patel,rohan.patel6@example.com,https://github.com/rohanpatel6,https://drive.example.com/resumes/rohanpatel6.pdf,https://www.linkedin.com/in/rohanpatel6,https://rohanpatel6.example.dev,Meera Parekh,meera.parekh7@example.com,meeraparekh7,https://drive.example.com/resumes/meeraparekh7.pdf,https://www.linkedin.com/in/meeraparekh7,https://meeraparekh7.example.dev,,,,,,,,,,,,,,,,,,,,,,,,
T008,Syntax Squad,Kabir Dave,kabir.dave8@example.com,https://github.com/kabirdave8/project-8,https://drive.example.com/resumes/kabirdave8.pdf,https://www.linkedin.com/in/kabirdave8,https://kabirdave8.example.dev,Saanvi Gandhi,saanvi.gandhi9@example.com,https://github.com/saanvigandhi9,https://drive.example.com/resumes/saanvigandhi9.pdf,,,,,,,,,,,,,,,,,,,,,,,,,,
T009,Debug Ducks,Arjun Rana,arjun.rana10@example.com,arjunrana10,https://drive.example.com/resumes/arjunrana10.pdf,https://www.linkedin.com/in/arjunrana10,not a website,Riya Trivedi,riya.trivedi11@example.com,https://github.com/riyatrivedi11/project-11,https://drive.example.com/resumes/riyatrivedi11.pdf,https://www.linkedin.com/in/riyatrivedi11,https://riyatrivedi11.example.dev,,,,,,,,,,,,,,,,,,,,,,,,
T010,Loop Legends,Dev Soni,dev.soni12@example.com,https://github.com/devsoni12,https://drive.example.com/resumes/devsoni12.pdf,https://www.linkedin.com/in/devsoni12,https://devsoni12.example.dev,Kavya Joshi,kavya.joshi13@example.com,kavyajoshi13,https://drive.example.com/resumes/kavyajoshi13.pdf,linkedin.com/in/,https://kavyajoshi13.example.dev,,,,,,,,,,,,,,,,,,,,,,,,
T011,Cache Me Outside,Yash Thakkar,yash.thakkar14@example.com,https://github.com/yashthakkar14/project-14,https://drive.example.com/resumes/yashthakkar14.pdf,https://www.linkedin.com/in/yashthakkar14,https://yashthakkar14.example.dev,Tanvi Desai,tanvi.desai15@example.com,https://github.com/tanvidesai15,https://drive.example.com/resumes/tanvidesai15.pdf,https://www.linkedin.com/in/tanvidesai15,https://tanvidesai15.example.dev,,,,,,,,,,,,,,,,,,,,,,,,
T012,Merge Conflict,Harsh Bhatt,harsh.bhatt16@example.com,harshbhatt16,,https://www.linkedin.com/in/harshbhatt16,https://harshbhatt16.example.dev,Nisha Mehta,nisha.mehta17@example.com,https://github.com/nishamehta17/project-17,,https://www.linkedin.com/in/nishamehta17,https://nishamehta17.example.dev,,,,,,,,,,,,,,,,,,,,,,,,
T013,Quantum Quokkas,Karan Vyas,karan.vyas18@example.com,https://github.com/karanvyas18,https://drive.example.com/resumes/karanvyas18.pdf,https://www.linkedin.com/in/karanvyas18,https://karanvyas18.example.dev,Pooja Shah,pooja.shah19@example.com,poojashah19,https://drive.example.com/resumes/poojashah19.pdf,https://www.linkedin.com/in/poojashah19,https://poojashah19.example.dev,,,,,,,,,,,,,,,,,,,,,,,,
T014,Data Dragons,Aarav Modi,aarav.patel.at.example.com,https://github.com/aaravmodi20/project-20,https://drive.example.com/resumes/aaravmodi20.pdf,https://www.linkedin.com/in/aaravmodi20,https://aaravmodi20.example.dev,Diya Patel,diya.patel21@example.com,https://github.com/diyapatel21,https://drive.example.com/resumes/diyapatel21.pdf,https://www.linkedin.com/in/diyapatel21,https://diyapatel21.example.dev,,,,,,,,,,,,,,,,,,,,,,,,
T015,  Hash Hunters  ,Vihaan Parekh,vihaan.parekh22@example.com,vihaanparekh22,https://drive.example.com/resumes/vihaanparekh22.pdf,https://www.linkedin.com/in/vihaanparekh22,https://vihaanparekh22.example.dev,Ananya Dave,ananya.dave23@example.com,https://github.com/ananyadave23/project-23,https://drive.example.com/resumes/ananyadave23.pdf,https://www.linkedin.com/in/ananyadave23,https://ananyadave23.example.dev,,,,,,,,,,,,,,,,,,,,,,,,
T016,Async Aces,Aditya Gandhi,aditya.gandhi24@example.com,https://github.com/adityagandhi24,https://drive.example.com/resumes/adityagandhi24.pdf,https://www.linkedin.com/in/adityagandhi24,https://adityagandhi24.example.dev,Isha Rana,isha.rana25@example.com,isharana25,https://drive.example.com/resumes/isharana25.pdf,https://www.linkedin.com/in/isharana25,https://isharana25.example.dev,,,,,,,,,,,,,,,,,,,,,,,,
T017,Kernel Knights,Rohan Trivedi,rohan.trivedi26@example.com,https://github.com/rohantrivedi26/project-26,https://drive.example.com/resumes/rohantrivedi26.pdf,https://www.linkedin.com/in/rohantrivedi26,https://rohantrivedi26.example.dev,Meera Soni,meera.soni27@example.com,https://github.com/meerasoni27,https://drive.example.com/resumes/meerasoni27.pdf,https://www.linkedin.com/in/meerasoni27,https://meerasoni27.example.dev,Kabir Joshi,kabir.joshi28@example.com,kabirjoshi28,https://drive.example.com/resumes/kabirjoshi28.pdf,https://www.linkedin.com/in/kabirjoshi28,https://kabirjoshi28.example.dev,,,,,,,,,,,,,,,,,,
T018,Lambda Lords,Saanvi Thakkar,saanvi.thakkar29@example.com,https://github.com/saanvithakkar29/project-29,https://drive.example.com/resumes/saanvithakkar29.pdf,https://www.linkedin.com/in/saanvithakkar29,https://saanvithakkar29.example.dev,Arjun Desai,arjun.desai30@example.com,https://github.com/arjundesai30,https://drive.example.com/resumes/arjundesai30.pdf,https://www.linkedin.com/in/arjundesai30,https://arjundesai30.example.dev,Riya Bhatt,riya.bhatt31@example.com,,https://drive.example.com/resumes/riyabhatt31.pdf,https://www.linkedin.com/in/riyabhatt31,https://riyabhatt31.example.dev,,,,,,,,,,,,,,,,,,
T019,Segfault Survivors,Dev Mehta,dev.mehta32@example.com,https://github.com/devmehta32/project-32,https://drive.example.com/resumes/devmehta32.pdf,https://www.linkedin.com/in/devmehta32,https://devmehta32.example.dev,Kavya Vyas,kavya.vyas33@example.com,https://gitlab.com/someone,https://drive.example.com/resumes/kavyavyas33.pdf,https://www.linkedin.com/in/kavyavyas33,https://kavyavyas33.example.dev,Yash Shah,yash.shah34@example.com,yashshah34,https://drive.example.com/resumes/yashshah34.pdf,https://www.linkedin.com/in/yashshah34,https://yashshah34.example.dev,,,,,,,,,,,,,,,,,,
T020,Tensor Titans,Tanvi Modi,TANVI.MODI35@EXAMPLE.COM,https://github.com/tanvimodi35/project-35,https://drive.example.com/resumes/tanvimodi35.pdf,https://www.linkedin.com/in/tanvimodi35,https://tanvimodi35.example.dev,Harsh Patel,harsh.patel36@example.com,https://github.com/harshpatel36,https://drive.example.com/resumes/harshpatel36.pdf,https://www.linkedin.com/in/harshpatel36,https://harshpatel36.example.dev,Nisha Parekh,nisha.parekh37@example.com,nishaparekh37,https://drive.example.com/resumes/nishaparekh37.pdf,https://www.linkedin.com/in/nishaparekh37,https://nishaparekh37.example.dev,,,,,,,,,,,,,,,,,,
T021,Neural Ninjas,Karan Dave,karan.dave38@example.com,https://github.com/karandave38/project-38,https://drive.example.com/resumes/karandave38.pdf,https://www.linkedin.com/in/karandave38,https://karandave38.example.dev,Pooja Gandhi,pooja.gandhi39@example.com,https://github.com/poojagandhi39,https://drive.example.com/resumes/poojagandhi39.pdf,https://www.linkedin.com/in/poojagandhi39,https://poojagandhi39.example.dev,Aarav Rana,aarav.rana40@example.com,aaravrana40,https://drive.example.com/resumes/aaravrana40.pdf,https://www.linkedin.com/in/aaravrana40,https://aaravrana40.example.dev,,,,,,,,,,,,,,,,,,
T022,Regex Rangers,Diya Trivedi,diya.trivedi41@example.com,https://github.com/diyatrivedi41/project-41,https://drive.example.com/resumes/diyatrivedi41.pdf,https://www.linkedin.com/in/diyatrivedi41,,Vihaan Soni,vihaan.soni42@example.com,https://github.com/vihaansoni42,https://drive.example.com/resumes/vihaansoni42.pdf,https://www.linkedin.com/in/vihaansoni42,https://vihaansoni42.example.dev,Ananya Joshi,ananya.joshi43@example.com,ananyajoshi43,https://drive.example.com/resumes/ananyajoshi43.pdf,https://www.linkedin.com/in/ananyajoshi43,https://ananyajoshi43.example.dev,,,,,,,,,,,,,,,,,,
T023,Docker Dynamos,Aditya Thakkar,aditya.thakkar44@example.com,https://github.com/adityathakkar44/project-44,https://drive.example.com/resumes/adityathakkar44.pdf,https://www.linkedin.com/in/adityathakkar44,https://adityathakkar44.example.dev,Isha Desai,isha.desai45@example.com,https://github.com/ishadesai45,https://drive.example.com/resumes/ishadesai45.pdf,https://www.linkedin.com/in/ishadesai45,https://ishadesai45.example.dev,Rohan Bhatt,rohan.bhatt46@example.com,rohanbhatt46,https://drive.example.com/resumes/rohanbhatt46.pdf,https://www.linkedin.com/in/rohanbhatt46,https://rohanbhatt46.example.dev,,,,,,,,,,,,,,,,,,
T024,Swift Sprints,Meera Mehta,meera.mehta47@example.com,https://github.com/meeramehta47/project-47,https://drive.example.com/resumes/meeramehta47.pdf,https://www.linkedin.com/in/meeramehta47,https://meeramehta47.example.dev,Kabir Vyas,kabir.vyas48@example.com,https://github.com/kabirvyas48,https://drive.example.com/resumes/kabirvyas48.pdf,,https://kabirvyas48.example.dev,Saanvi Shah,saanvi.shah49@example.com,saanvishah49,https://drive.example.com/resumes/saanvishah49.pdf,https://www.linkedin.com/in/saanvishah49,https://saanvishah49.example.dev,,,,,,,,,,,,,,,,,,
T025,Cloud Climbers,Arjun Modi,arjun.modi50@example.com,https://github.com/arjunmodi50/project-50,https://drive.example.com/resumes/arjunmodi50.pdf,https://www.linkedin.com/in/arjunmodi50,https://arjunmodi50.example.dev,Riya Patel,riya.patel51@example.com,https://github.com/riyapatel51,https://drive.example.com/resumes/riyapatel51.pdf,https://www.linkedin.com/in/riyapatel51,https://riyapatel51.example.dev,Dev Parekh,dev.parekh52@example.com,devparekh52,https://drive.example.com/resumes/devparekh52.pdf,https://www.linkedin.com/in/devparekh52,https://devparekh52.example.dev,,,,,,,,,,,,,,,,,,
T026,Bug Busters,Kavya Dave,kavya.dave53@example.com,https://github.com/kavyadave53/project-53,https://drive.example.com/resumes/kavyadave53.pdf,https://www.linkedin.com/in/kavyadave53,https://kavyadave53.example.dev,Yash Gandhi,yash.gandhi54@example.com,https://github.com/yashgandhi54,https://drive.example.com/resumes/yashgandhi54.pdf,https://www.linkedin.com/in/yashgandhi54,https://yashgandhi54.example.dev,Tanvi Rana,tanvi.rana55@example.com,tanvirana55,resume.pdf,https://www.linkedin.com/in/tanvirana55,https://tanvirana55.example.dev,,,,,,,,,,,,,,,,,,
T027,API Avengers,Harsh Trivedi,harsh.trivedi56@example.com,https://github.com/harshtrivedi56/project-56,https://drive.example.com/resumes/harshtrivedi56.pdf,https://www.linkedin.com/in/harshtrivedi56,https://harshtrivedi56.example.dev,Nisha Soni,nisha.soni57@example.com,https://github.com/nishasoni57,https://drive.example.com/resumes/nishasoni57.pdf,https://www.linkedin.com/in/nishasoni57,https://nishasoni57.example.dev,Karan Joshi,karan.joshi58@example.com,karanjoshi58,https://drive.example.com/resumes/karanjoshi58.pdf,https://www.linkedin.com/in/karanjoshi58,https://karanjoshi58.example.dev,,,,,,,,,,,,,,,,,,
T028,Query Queens,Pooja Thakkar,pooja.thakkar59@example.com,@@bad user!!,https://drive.example.com/resumes/poojathakkar59.pdf,https://www.linkedin.com/in/poojathakkar59,https://poojathakkar59.example.dev,Aarav Desai,aarav.desai60@example.com,https://github.com/aaravdesai60,https://drive.example.com/resumes/aaravdesai60.pdf,https://www.linkedin.com/in/aaravdesai60,https://aaravdesai60.example.dev,Diya Bhatt,diya.bhatt61@example.com,diyabhatt61,https://drive.example.com/resumes/diyabhatt61.pdf,https://www.linkedin.com/in/diyabhatt61,https://diyabhatt61.example.dev,,,,,,,,,,,,,,,,,,
T029,Fork Bombers,Vihaan Mehta,vihaan.mehta62@example.com,https://github.com/vihaanmehta62/project-62,https://drive.example.com/resumes/vihaanmehta62.pdf,https://www.linkedin.com/in/vihaanmehta62,https://vihaanmehta62.example.dev,Ananya Vyas,ananya.vyas63@example.com,https://github.com/ananyavyas63,https://drive.example.com/resumes/ananyavyas63.pdf,https://www.linkedin.com/in/ananyavyas63,https://ananyavyas63.example.dev,Aditya Shah,aditya.shah64@example.com,adityashah64,https://drive.example.com/resumes/adityashah64.pdf,https://www.linkedin.com/in/adityashah64,https://adityashah64.example.dev,,,,,,,,,,,,,,,,,,
T030,Heap Heroes,Isha Modi,isha.modi65@example.com,https://github.com/ishamodi65/project-65,https://drive.example.com/resumes/ishamodi65.pdf,https://www.linkedin.com/in/ishamodi65,https://ishamodi65.example.dev,Rohan Patel,rohan.patel66@example.com,https://github.com/rohanpatel66,https://drive.example.com/resumes/rohanpatel66.pdf,https://www.linkedin.com/in/rohanpatel66,https://rohanpatel66.example.dev,Meera Parekh,meera.parekh67@example.com,meeraparekh67,https://drive.example.com/resumes/meeraparekh67.pdf,https://www.linkedin.com/in/meeraparekh67,https://meeraparekh67.example.dev,,,,,,,,,,,,,,,,,,
T031,Thread Tamers,Kabir Dave,kabir.dave68@example.com,https://github.com/kabirdave68/project-68,https://drive.example.com/resumes/kabirdave68.pdf,https://www.linkedin.com/in/kabirdave68,https://kabirdave68.example.dev,Saanvi Gandhi,saanvi.gandhi69@example.com,https://github.com/saanvigandhi69,https://drive.example.com/resumes/saanvigandhi69.pdf,https://www.linkedin.com/in/saanvigandhi69,https://saanvigandhi69.example.dev,Arjun Rana,arjun.rana70@example.com,arjunrana70,https://drive.example.com/resumes/arjunrana70.pdf,https://www.linkedin.com/in/arjunrana70,https://arjunrana70.example.dev,Riya Trivedi,riya.trivedi71@example.com,,,https://www.linkedin.com/in/riyatrivedi71,https://riyatrivedi71.example.dev,,,,,,,,,,,,
T032,Vector Vikings,Dev Soni,dev.soni72@example.com,https://github.com/devsoni72,https://drive.example.com/resumes/devsoni72.pdf,https://www.linkedin.com/in/devsoni72,https://devsoni72.example.dev,Kavya Joshi,kavya.joshi73@example.com,kavyajoshi73,https://drive.example.com/resumes/kavyajoshi73.pdf,https://www.linkedin.com/in/kavyajoshi73,https://kavyajoshi73.example.dev,Yash Thakkar,yash.thakkar74@example.com,https://github.com/yashthakkar74/project-74,https://drive.example.com/resumes/yashthakkar74.pdf,https://www.linkedin.com/in/yashthakkar74,https://yashthakkar74.example.dev,Tanvi Desai,tanvi.desai75@example.com,https://github.com/tanvidesai75,https://drive.example.com/resumes/tanvidesai75.pdf,https://www.linkedin.com/in/tanvidesai75,https://tanvidesai75.example.dev,,,,,,,,,,,,
T033,Token Titans,Harsh Bhatt,harsh.bhatt76@example.com,harshbhatt76,https://drive.example.com/resumes/harshbhatt76.pdf,https://www.linkedin.com/in/harshbhatt76,https://harshbhatt76.example.dev,Nisha Mehta,nisha.mehta77@example.com,https://github.com/nishamehta77/project-77,https://drive.example.com/resumes/nishamehta77.pdf,https://www.linkedin.com/in/nishamehta77,https://nishamehta77.example.dev,Karan Vyas,karan.vyas78@example.com,https://github.com/karanvyas78,https://drive.example.com/resumes/karanvyas78.pdf,https://www.linkedin.com/in/karanvyas78,http://,Pooja Shah,pooja.shah79@example.com,poojashah79,https://drive.example.com/resumes/poojashah79.pdf,https://www.linkedin.com/in/poojashah79,https://poojashah79.example.dev,,,,,,,,,,,,
T034,Branch Breakers,Aarav Modi,aarav.modi80@example.com,https://github.com/aaravmodi80/project-80,https://drive.example.com/resumes/aaravmodi80.pdf,https://www.linkedin.com/in/aaravmodi80,https://aaravmodi80.example.dev,Diya Patel,diya.patel81@example.com,https://github.com/diyapatel81,https://drive.example.com/resumes/diyapatel81.pdf,https://www.linkedin.com/in/diyapatel81,https://diyapatel81.example.dev,Vihaan Parekh,vihaan.parekh82@example.com,vihaanparekh82,https://drive.example.com/resumes/vihaanparekh82.pdf,https://www.linkedin.com/in/vihaanparekh82,https://vihaanparekh82.example.dev,Ananya Dave,ananya.dave83@example.com,https://github.com/ananyadave83/project-83,https://drive.example.com/resumes/ananyadave83.pdf,https://www.linkedin.com/in/ananyadave83,https://ananyadave83.example.dev,,,,,,,,,,,,
T035,Rust Rebels,Aditya Gandhi,aditya.gandhi84@example.com,https://github.com/adityagandhi84,https://drive.example.com/resumes/adityagandhi84.pdf,https://www.linkedin.com/in/adityagandhi84,https://adityagandhi84.example.dev,Isha Rana,isha.rana85@example.com,isharana85,https://drive.example.com/resumes/isharana85.pdf,https://www.linkedin.com/in/isharana85,https://isharana85.example.dev,Rohan Trivedi,rohan.trivedi86@example.com,https://github.com/rohantrivedi86/project-86,https://drive.example.com/resumes/rohantrivedi86.pdf,https://www.linkedin.com/in/rohantrivedi86,https://rohantrivedi86.example.dev,Meera Soni,meera.soni87@example.com,https://github.com/meerasoni87,https://drive.example.com/resumes/meerasoni87.pdf,https://www.linkedin.com/in/meerasoni87,https://meerasoni87.example.dev,,,,,,,,,,,,
T036,Mutex Masters,Kabir Joshi,kabir.joshi88@example.com,kabirjoshi88,https://drive.example.com/resumes/kabirjoshi88.pdf,https://www.linkedin.com/in/kabirjoshi88,https://kabirjoshi88.example.dev,Saanvi Thakkar,saanvi.thakkar89@example.com,https://github.com/saanvithakkar89/project-89,https://drive.example.com/resumes/saanvithakkar89.pdf,https://www.linkedin.com/in/saanvithakkar89,https://saanvithakkar89.example.dev,Arjun Desai,arjun.desai90@example.com,https://github.com/arjundesai90,https://drive.example.com/resumes/arjundesai90.pdf,https://www.linkedin.com/in/arjundesai90,https://arjundesai90.example.dev,Riya Bhatt,riya.bhatt91@example.com,riyabhatt91,https://drive.example.com/resumes/riyabhatt91.pdf,https://www.linkedin.com/in/riyabhatt91,https://riyabhatt91.example.dev,,,,,,,,,,,,
T037,Pull Request Posse,Dev Mehta,dev.mehta92@example.com,https://github.com/devmehta92/project-92,https://drive.example.com/resumes/devmehta92.pdf,https://www.linkedin.com/in/devmehta92,https://devmehta92.example.dev,Kavya Vyas,kavya.vyas93@example.com,https://github.com/kavyavyas93,https://drive.example.com/resumes/kavyavyas93.pdf,https://www.linkedin.com/in/kavyavyas93,https://kavyavyas93.example.dev,Yash Shah,yash.shah94@example.com,yashshah94,https://drive.example.com/resumes/yashshah94.pdf,https://www.linkedin.com/in/yashshah94,https://yashshah94.example.dev,Tanvi Modi,tanvi.modi95@example.com,https://github.com/tanvimodi95/project-95,https://drive.example.com/resumes/tanvimodi95.pdf,https://www.linkedin.com/in/tanvimodi95,https://tanvimodi95.example.dev,Harsh Patel,harsh.patel96@example.com,https://github.com/harshpatel96,https://drive.example.com/resumes/harshpatel96.pdf,https://www.linkedin.com/in/harshpatel96,https://harshpatel96.example.dev,Nisha Parekh,nisha.parekh97@example.com,,https://drive.example.com/resumes/nishaparekh97.pdf,https://www.linkedin.com/in/nishaparekh97,https://nishaparekh97.example.dev
T038,Loop Legends,Dev Soni,dev.soni12@example.com,https://github.com/devsoni12,https://drive.example.com/resumes/devsoni12.pdf,https://www.linkedin.com/in/devsoni12,https://devsoni12.example.dev,Kavya Joshi,kavya.joshi13@example.com,kavyajoshi13,https://drive.example.com/resumes/kavyajoshi13.pdf,linkedin.com/in/,https://kavyajoshi13.example.dev,,,,,,,,,,,,,,,,,,,,,,,,
T039,Bit Shifters,Karan Dave,karan.dave98@example.com,https://github.com/karandave98/project-98,https://drive.example.com/resumes/karandave98.pdf,https://www.linkedin.com/in/karandave98,https://karandave98.example.dev,Harsh Patel,harsh.patel36@example.com,https://github.com/harshpatel36,https://drive.example.com/resumes/poojagandhi99.pdf,https://www.linkedin.com/in/poojagandhi99,https://poojagandhi99.example.dev,,,,,,,,,,,,,,,,,,,,,,,,
T040,Ping Pong,Aarav Rana,aarav.rana100@example.com,,,,,,diya.trivedi101@example.com,,,,,,,,,,,,,,,,,,,,,,,,,,,,
